{ "name": "flare", "children": [ { "name": "analytics", "children": [ { "name": "sales", "children": [{"name":"Zambia","size":108},{"name":"Kiribati","size":113},{"name":"Tonga","size":121},{"name":"Somalia","size":113},{"name":"Aruba","size":112},{"name":"Sudan","size":104},{"name":"South Africa","size":97},{"name":"Zimbabwe","size":98},{"name":"Oman","size":90},{"name":"Swaziland","size":85},{"name":"Yugoslavia","size":108},{"name":"Slovak Republic","size":103},{"name":"Great Britain (UK)","size":92},{"name":"Kenya","size":107},{"name":"Brazil","size":75},{"name":"Heard and McDonald Islands","size":108},{"name":"Poland","size":99},{"name":"East Timor","size":90},{"name":"Denmark","size":122},{"name":"Croatia (Hrvatska)","size":104},{"name":"Ireland","size":88},{"name":"Algeria","size":107},{"name":"Svalbard and Jan Mayen Islands","size":106},{"name":"Jamaica","size":122},{"name":"Paraguay","size":109},{"name":"Moldova","size":118},{"name":"Jordan","size":98},{"name":"Chad","size":73},{"name":"Guyana","size":114},{"name":"Comoros","size":111},{"name":"Malawi","size":118},{"name":"Togo","size":81},{"name":"Mauritania","size":126},{"name":"Peru","size":93},{"name":"Brunei Darussalam","size":132},{"name":"Chile","size":78},{"name":"Vatican City State (Holy See)","size":102},{"name":"St. Pierre and Miquelon","size":109},{"name":"Belarus","size":136},{"name":"Botswana","size":119},{"name":"Macedonia","size":99},{"name":"Syria","size":98},{"name":"Pitcairn","size":99},{"name":"Saint Vincent and the Grenadines","size":100},{"name":"Trinidad and Tobago","size":92},{"name":"Norfolk Island","size":97},{"name":"China","size":107},{"name":"Antarctica","size":94},{"name":"United Kingdom","size":106},{"name":"Bosnia and Herzegovina","size":90},{"name":"United Arab Emirates","size":111},{"name":"Fiji","size":120},{"name":"Cape Verde","size":108},{"name":"Dominica","size":86},{"name":"Northern Mariana Islands","size":89},{"name":"Liberia","size":101},{"name":"Malaysia","size":103},{"name":"Congo","size":100},{"name":"Korea (South)","size":111},{"name":"Cocos (Keeling) Islands","size":96},{"name":"French Polynesia","size":125},{"name":"USSR (former)","size":105},{"name":"Mongolia","size":108},{"name":"Barbados","size":113},{"name":"Uganda","size":102},{"name":"Norway","size":116},{"name":"Suriname","size":108},{"name":"Czechoslovakia (former)","size":117},{"name":"Netherlands Antilles","size":104},{"name":"Austria","size":126},{"name":"Reunion","size":89},{"name":"Iceland","size":85},{"name":"Pakistan","size":99},{"name":"Nepal","size":95},{"name":"Armenia","size":105},{"name":"Slovenia","size":106},{"name":"Maldives","size":98},{"name":"Martinique","size":103},{"name":"Mali","size":95},{"name":"French Southern Territories","size":70},{"name":"Guinea-Bissau","size":102},{"name":"New Zealand (Aotearoa)","size":93},{"name":"Greenland","size":86},{"name":"Saudi Arabia","size":96},{"name":"Sierra Leone","size":121},{"name":"Ethiopia","size":90},{"name":"Saint Lucia","size":108},{"name":"Palau","size":103},{"name":"Nigeria","size":86},{"name":"Falkland Islands (Malvinas)","size":95},{"name":"Honduras","size":92},{"name":"Montserrat","size":112},{"name":"Virgin Islands (U.S.)","size":108},{"name":"Bangladesh","size":115},{"name":"Cayman Islands","size":88},{"name":"Puerto Rico","size":107},{"name":"El Salvador","size":109},{"name":"Germany","size":115},{"name":"Mozambique","size":93},{"name":"Spain","size":96},{"name":"Virgin Islands (British)","size":130},{"name":"New Caledonia","size":95},{"name":"Lesotho","size":86},{"name":"France","size":205},{"name":"United States","size":119},{"name":"Turks and Caicos Islands","size":116},{"name":"Estonia","size":90},{"name":"Belize","size":114},{"name":"Guatemala","size":88},{"name":"Myanmar","size":87},{"name":"Marshall Islands","size":105},{"name":"Tuvalu","size":87},{"name":"Finland","size":91},{"name":"India","size":148},{"name":"Kazakhstan","size":105},{"name":"Venezuela","size":118},{"name":"Kyrgyzstan","size":97},{"name":"Saint Kitts and Nevis","size":84},{"name":"Nauru","size":105},{"name":"Senegal","size":87},{"name":"Egypt","size":106},{"name":"Hungary","size":99},{"name":"Angola","size":106},{"name":"Faroe Islands","size":110},{"name":"Luxembourg","size":90},{"name":"Greece","size":101},{"name":"Djibouti","size":109},{"name":"Taiwan","size":113},{"name":"Costa Rica","size":119},{"name":"Gambia","size":87},{"name":"Ecuador","size":88},{"name":"Bolivia","size":87},{"name":"Cuba","size":91},{"name":"Bhutan","size":90},{"name":"Philippines","size":97},{"name":"Afghanistan","size":123},{"name":"Anguilla","size":107},{"name":"Australia","size":116},{"name":"S. Georgia and S. Sandwich Isls.","size":113},{"name":"Romania","size":107},{"name":"Central African Republic","size":104},{"name":"Tanzania","size":90},{"name":"Papua New Guinea","size":87},{"name":"Kuwait","size":115},{"name":"Gabon","size":106},{"name":"Latvia","size":118},{"name":"Equatorial Guinea","size":119},{"name":"Malta","size":119},{"name":"Wallis and Futuna Islands","size":94},{"name":"Laos","size":126},{"name":"Bouvet Island","size":94},{"name":"Uzbekistan","size":134},{"name":"Grenada","size":87},{"name":"Indonesia","size":123},{"name":"Cook Islands","size":101},{"name":"Russian Federation","size":130},{"name":"Albania","size":99},{"name":"Canada","size":113},{"name":"Cyprus","size":106},{"name":"Israel","size":89},{"name":"Niger","size":104},{"name":"Guadeloupe","size":103},{"name":"Belgium","size":116},{"name":"Antigua and Barbuda","size":110},{"name":"Burundi","size":117},{"name":"Mauritius","size":107},{"name":"Gibraltar","size":118},{"name":"Neutral Zone","size":79},{"name":"Rwanda","size":93},{"name":"Seychelles","size":88},{"name":"Korea (North)","size":92},{"name":"Macau","size":146},{"name":"Benin","size":102},{"name":"Zaire","size":78},{"name":"Andorra","size":91},{"name":"Bulgaria","size":187},{"name":"Switzerland","size":107},{"name":"American Samoa","size":113},{"name":"French Guiana","size":98},{"name":"Sweden","size":119},{"name":"Czech Republic","size":102},{"name":"Micronesia","size":100},{"name":"Christmas Island","size":113},{"name":"Libya","size":90},{"name":"Dominican Republic","size":100},{"name":"Namibia","size":75},{"name":"Western Sahara","size":102},{"name":"Turkmenistan","size":130},{"name":"Bahamas","size":107},{"name":"Qatar","size":107},{"name":"Singapore","size":134},{"name":"Tokelau","size":104},{"name":"Guinea","size":97},{"name":"Eritrea","size":104},{"name":"Bermuda","size":105},{"name":"Lebanon","size":93},{"name":"St. Helena","size":92},{"name":"British Indian Ocean Territory","size":99},{"name":"Tajikistan","size":99},{"name":"Yemen","size":79},{"name":"Argentina","size":95},{"name":"Mayotte","size":108},{"name":"Cameroon","size":97},{"name":"Japan","size":115},{"name":"Thailand","size":99},{"name":"US Minor Outlying Islands","size":97},{"name":"Georgia","size":86},{"name":"Portugal","size":110},{"name":"Madagascar","size":118},{"name":"Ukraine","size":111},{"name":"Uruguay","size":80},{"name":"Lithuania","size":74},{"name":"Sri Lanka","size":118},{"name":"Morocco","size":105},{"name":"Netherlands","size":109},{"name":"Italy","size":127},{"name":"Azerbaijan","size":108},{"name":"Iraq","size":78},{"name":"Guam","size":102},{"name":"Cote D'Ivoire (Ivory Coast)","size":110},{"name":"Panama","size":85},{"name":"Cambodia","size":108},{"name":"Colombia","size":97},{"name":"San Marino","size":117},{"name":"Hong Kong","size":98},{"name":"Bahrain","size":98},{"name":"Turkey","size":134},{"name":"Tunisia","size":90},{"name":"Solomon Islands","size":81},{"name":"Samoa","size":97},{"name":"Iran","size":93},{"name":"Mexico","size":142},{"name":"Burkina Faso","size":96},{"name":"Sao Tome and Principe","size":102},{"name":"Niue","size":112},{"name":"Viet Nam","size":106},{"name":"Ghana","size":112},{"name":"Nicaragua","size":109},{"name":"Haiti","size":105},{"name":"Monaco","size":83},{"name":"Liechtenstein","size":86},{"name":"Vanuatu","size":104}]}]}]}